-- MySQL Script generated by MySQL Workbench
-- Пт 29 сен 2017 14:04:35
-- Model: New Model    Version: 1.0
-- MySQL Workbench Forward Engineering

SET @OLD_UNIQUE_CHECKS=@@UNIQUE_CHECKS, UNIQUE_CHECKS=0;
SET @OLD_FOREIGN_KEY_CHECKS=@@FOREIGN_KEY_CHECKS, FOREIGN_KEY_CHECKS=0;
SET @OLD_SQL_MODE=@@SQL_MODE, SQL_MODE='TRADITIONAL,ALLOW_INVALID_DATES';

-- -----------------------------------------------------
-- Schema project4
-- -----------------------------------------------------
DROP SCHEMA IF EXISTS `project4` ;

-- -----------------------------------------------------
-- Schema project4
-- -----------------------------------------------------
CREATE SCHEMA IF NOT EXISTS `project4` DEFAULT CHARACTER SET utf8 COLLATE utf8_general_ci ;
USE `project4` ;

-- -----------------------------------------------------
-- Table `project4`.`jockeys`
-- -----------------------------------------------------
DROP TABLE IF EXISTS `project4`.`jockeys` ;

CREATE TABLE IF NOT EXISTS `project4`.`jockeys` (
  `j_id` INT NOT NULL AUTO_INCREMENT,
  `j_name` VARCHAR(45) NOT NULL,
  PRIMARY KEY (`j_id`))
ENGINE = InnoDB
AUTO_INCREMENT = 50
PACK_KEYS = DEFAULT;

CREATE UNIQUE INDEX `j_name_UNIQUE` ON `project4`.`jockeys` (`j_name` ASC);


-- -----------------------------------------------------
-- Table `project4`.`horses`
-- -----------------------------------------------------
DROP TABLE IF EXISTS `project4`.`horses` ;

CREATE TABLE IF NOT EXISTS `project4`.`horses` (
  `h_name` VARCHAR(30) NOT NULL,
  `h_number` INT NOT NULL,
  `h_jockey` INT NOT NULL,
  PRIMARY KEY (`h_name`))
ENGINE = InnoDB;

CREATE INDEX `fk_horses_jockeys_idx` ON `project4`.`horses` (`h_jockey` ASC);


-- -----------------------------------------------------
-- Table `project4`.`races`
-- -----------------------------------------------------
DROP TABLE IF EXISTS `project4`.`races` ;

CREATE TABLE IF NOT EXISTS `project4`.`races` (
  `r_id` INT NOT NULL AUTO_INCREMENT,
  `r_distance` VARCHAR(30) NOT NULL,
  `r_state` VARCHAR(30) NOT NULL,
  `r_date` DATE NOT NULL,
  PRIMARY KEY (`r_id`))
ENGINE = InnoDB
AUTO_INCREMENT = 1000;


-- -----------------------------------------------------
-- Table `project4`.`horses_races`
-- -----------------------------------------------------
DROP TABLE IF EXISTS `project4`.`horses_races` ;

CREATE TABLE IF NOT EXISTS `project4`.`horses_races` (
  `h_name` VARCHAR(30) NOT NULL,
  `r_id` INT NOT NULL,
  `h_coefficient` DOUBLE NULL,
  `h_place` INT NULL,
  PRIMARY KEY (`h_name`, `r_id`))
ENGINE = InnoDB;

CREATE INDEX `fk_horses_has_races_races1_idx` ON `project4`.`horses_races` (`r_id` ASC);

CREATE INDEX `fk_horses_has_races_horses1_idx` ON `project4`.`horses_races` (`h_name` ASC);


-- -----------------------------------------------------
-- Table `project4`.`bets`
-- -----------------------------------------------------
DROP TABLE IF EXISTS `project4`.`bets` ;

CREATE TABLE IF NOT EXISTS `project4`.`bets` (
  `b_id` INT NOT NULL AUTO_INCREMENT,
  `b_amount` INT NOT NULL,
  `b_winnings_received` TINYINT(1) NOT NULL,
  `b_type` VARCHAR(45) NOT NULL,
  `b_horse_name` VARCHAR(30) NOT NULL,
  `b_race_id` INT NOT NULL,
  PRIMARY KEY (`b_id`))
ENGINE = InnoDB
AUTO_INCREMENT = 2000;

CREATE INDEX `fk_bets_horses1_idx` ON `project4`.`bets` (`b_horse_name` ASC);

CREATE INDEX `fk_bets_races1_idx` ON `project4`.`bets` (`b_race_id` ASC);


-- -----------------------------------------------------
-- Table `project4`.`users`
-- -----------------------------------------------------
DROP TABLE IF EXISTS `project4`.`users` ;

CREATE TABLE IF NOT EXISTS `project4`.`users` (
  `u_login` VARCHAR(45) NOT NULL,
  `u_pass_hash` VARCHAR(45) NOT NULL,
  `u_role` VARCHAR(45) NOT NULL,
  PRIMARY KEY (`u_login`))
ENGINE = InnoDB;


SET SQL_MODE=@OLD_SQL_MODE;
SET FOREIGN_KEY_CHECKS=@OLD_FOREIGN_KEY_CHECKS;
SET UNIQUE_CHECKS=@OLD_UNIQUE_CHECKS;

-- -----------------------------------------------------
-- Data for table `project4`.`jockeys`
-- -----------------------------------------------------
START TRANSACTION;
USE `project4`;
INSERT INTO `project4`.`jockeys` (`j_id`, `j_name`) VALUES (NULL, 'Anthony McCoy');
INSERT INTO `project4`.`jockeys` (`j_id`, `j_name`) VALUES (NULL, 'Fred Archer');
INSERT INTO `project4`.`jockeys` (`j_id`, `j_name`) VALUES (NULL, 'Paul Nicholls');
INSERT INTO `project4`.`jockeys` (`j_id`, `j_name`) VALUES (NULL, 'Dick Francis');
INSERT INTO `project4`.`jockeys` (`j_id`, `j_name`) VALUES (NULL, 'Lester Piggott');
INSERT INTO `project4`.`jockeys` (`j_id`, `j_name`) VALUES (NULL, 'Николай Насибов');
INSERT INTO `project4`.`jockeys` (`j_id`, `j_name`) VALUES (NULL, 'Максим Козлов');
INSERT INTO `project4`.`jockeys` (`j_id`, `j_name`) VALUES (NULL, 'Виктор Шингалов');
INSERT INTO `project4`.`jockeys` (`j_id`, `j_name`) VALUES (NULL, '‎Мансур Абдряев');
INSERT INTO `project4`.`jockeys` (`j_id`, `j_name`) VALUES (NULL, 'Юрий Ермолаев');
INSERT INTO `project4`.`jockeys` (`j_id`, `j_name`) VALUES (NULL, 'Scobie Breasley');
INSERT INTO `project4`.`jockeys` (`j_id`, `j_name`) VALUES (NULL, 'William Buick');
INSERT INTO `project4`.`jockeys` (`j_id`, `j_name`) VALUES (NULL, 'John Arnull');
INSERT INTO `project4`.`jockeys` (`j_id`, `j_name`) VALUES (NULL, 'Bryan Cooper');
INSERT INTO `project4`.`jockeys` (`j_id`, `j_name`) VALUES (NULL, 'Steve Donoghue');
INSERT INTO `project4`.`jockeys` (`j_id`, `j_name`) VALUES (NULL, 'Андрей Колганов');
INSERT INTO `project4`.`jockeys` (`j_id`, `j_name`) VALUES (NULL, 'Сергей Минаев');
INSERT INTO `project4`.`jockeys` (`j_id`, `j_name`) VALUES (NULL, 'Светлана Дубова');
INSERT INTO `project4`.`jockeys` (`j_id`, `j_name`) VALUES (NULL, 'Татьяна Ливанова');
INSERT INTO `project4`.`jockeys` (`j_id`, `j_name`) VALUES (NULL, 'Дмитрий Гуревич');

COMMIT;


-- -----------------------------------------------------
-- Data for table `project4`.`horses`
-- -----------------------------------------------------
START TRANSACTION;
USE `project4`;
INSERT INTO `project4`.`horses` (`h_name`, `h_number`, `h_jockey`) VALUES ('Adrian', 15, 50);
INSERT INTO `project4`.`horses` (`h_name`, `h_number`, `h_jockey`) VALUES ('Kirby', 2, 51);
INSERT INTO `project4`.`horses` (`h_name`, `h_number`, `h_jockey`) VALUES ('Keeta', 11, 52);
INSERT INTO `project4`.`horses` (`h_name`, `h_number`, `h_jockey`) VALUES ('Vito', 23, 53);
INSERT INTO `project4`.`horses` (`h_name`, `h_number`, `h_jockey`) VALUES ('Netty', 33, 54);
INSERT INTO `project4`.`horses` (`h_name`, `h_number`, `h_jockey`) VALUES ('Полис', 10, 55);
INSERT INTO `project4`.`horses` (`h_name`, `h_number`, `h_jockey`) VALUES ('Ринго', 9, 56);
INSERT INTO `project4`.`horses` (`h_name`, `h_number`, `h_jockey`) VALUES ('Сатурн ', 18, 57);
INSERT INTO `project4`.`horses` (`h_name`, `h_number`, `h_jockey`) VALUES ('Ума ', 19, 58);
INSERT INTO `project4`.`horses` (`h_name`, `h_number`, `h_jockey`) VALUES ('Фиона', 21, 59);
INSERT INTO `project4`.`horses` (`h_name`, `h_number`, `h_jockey`) VALUES ('Флеш', 30, 60);
INSERT INTO `project4`.`horses` (`h_name`, `h_number`, `h_jockey`) VALUES ('Циппи', 51, 61);
INSERT INTO `project4`.`horses` (`h_name`, `h_number`, `h_jockey`) VALUES ('Циркорий', 20, 62);
INSERT INTO `project4`.`horses` (`h_name`, `h_number`, `h_jockey`) VALUES ('Элси', 42, 63);
INSERT INTO `project4`.`horses` (`h_name`, `h_number`, `h_jockey`) VALUES ('Чипс', 24, 64);
INSERT INTO `project4`.`horses` (`h_name`, `h_number`, `h_jockey`) VALUES ('Delia', 43, 65);
INSERT INTO `project4`.`horses` (`h_name`, `h_number`, `h_jockey`) VALUES ('Dinky', 34, 66);
INSERT INTO `project4`.`horses` (`h_name`, `h_number`, `h_jockey`) VALUES ('Opal', 35, 67);
INSERT INTO `project4`.`horses` (`h_name`, `h_number`, `h_jockey`) VALUES ('Pal', 37, 68);
INSERT INTO `project4`.`horses` (`h_name`, `h_number`, `h_jockey`) VALUES ('Sky Rocket', 39, 69);

COMMIT;


-- -----------------------------------------------------
-- Data for table `project4`.`races`
-- -----------------------------------------------------
START TRANSACTION;
USE `project4`;
INSERT INTO `project4`.`races` (`r_id`, `r_distance`, `r_state`, `r_date`) VALUES (NULL, 'RACE_ON_1600m', 'FINISHED', '2017-05-11');
INSERT INTO `project4`.`races` (`r_id`, `r_distance`, `r_state`, `r_date`) VALUES (NULL, 'RACE_ON_1600m', 'FINISHED', '2017-05-19');
INSERT INTO `project4`.`races` (`r_id`, `r_distance`, `r_state`, `r_date`) VALUES (NULL, 'RACE_ON_1600m', 'FINISHED', '2017-05-28');
INSERT INTO `project4`.`races` (`r_id`, `r_distance`, `r_state`, `r_date`) VALUES (NULL, 'RACE_ON_3200m', 'FINISHED', '2017-06-05');
INSERT INTO `project4`.`races` (`r_id`, `r_distance`, `r_state`, `r_date`) VALUES (NULL, 'RACE_ON_3200m', 'FINISHED', '2017-06-13');
INSERT INTO `project4`.`races` (`r_id`, `r_distance`, `r_state`, `r_date`) VALUES (NULL, 'RACE_ON_1600m', 'FINISHED', '2017-06-24');
INSERT INTO `project4`.`races` (`r_id`, `r_distance`, `r_state`, `r_date`) VALUES (NULL, 'RACE_ON_2400m', 'FINISHED', '2017-06-30');
INSERT INTO `project4`.`races` (`r_id`, `r_distance`, `r_state`, `r_date`) VALUES (NULL, 'RACE_ON_2400m', 'FINISHED', '2017-07-08');
INSERT INTO `project4`.`races` (`r_id`, `r_distance`, `r_state`, `r_date`) VALUES (NULL, 'RACE_ON_3200m', 'FINISHED', '2017-07-21');
INSERT INTO `project4`.`races` (`r_id`, `r_distance`, `r_state`, `r_date`) VALUES (NULL, 'RACE_ON_2400m', 'FINISHED', '2017-08-15');

COMMIT;


-- -----------------------------------------------------
-- Data for table `project4`.`horses_races`
-- -----------------------------------------------------
START TRANSACTION;
USE `project4`;
INSERT INTO `project4`.`horses_races` (`h_name`, `r_id`, `h_coefficient`, `h_place`) VALUES ('Vito', 1000, 5.00, 2);
INSERT INTO `project4`.`horses_races` (`h_name`, `r_id`, `h_coefficient`, `h_place`) VALUES ('Kirby', 1000, 6.67, 3);
INSERT INTO `project4`.`horses_races` (`h_name`, `r_id`, `h_coefficient`, `h_place`) VALUES ('Delia', 1000, 2.94, 1);
INSERT INTO `project4`.`horses_races` (`h_name`, `r_id`, `h_coefficient`, `h_place`) VALUES ('Элси', 1000, 5.88, 5);
INSERT INTO `project4`.`horses_races` (`h_name`, `r_id`, `h_coefficient`, `h_place`) VALUES ('Opal', 1000, 4.17, 4);
INSERT INTO `project4`.`horses_races` (`h_name`, `r_id`, `h_coefficient`, `h_place`) VALUES ('Sky Rocket', 1001, 7.69, 2);
INSERT INTO `project4`.`horses_races` (`h_name`, `r_id`, `h_coefficient`, `h_place`) VALUES ('Циппи', 1001, 5.56, 1);
INSERT INTO `project4`.`horses_races` (`h_name`, `r_id`, `h_coefficient`, `h_place`) VALUES ('Netty', 1001, 2.94, 3);
INSERT INTO `project4`.`horses_races` (`h_name`, `r_id`, `h_coefficient`, `h_place`) VALUES ('Adrian', 1001, 5.88, 4);
INSERT INTO `project4`.`horses_races` (`h_name`, `r_id`, `h_coefficient`, `h_place`) VALUES ('Фиона', 1001, 3.03, 5);
INSERT INTO `project4`.`horses_races` (`h_name`, `r_id`, `h_coefficient`, `h_place`) VALUES ('Keeta', 1002, 4.76, 2);
INSERT INTO `project4`.`horses_races` (`h_name`, `r_id`, `h_coefficient`, `h_place`) VALUES ('Ринго', 1002, 2.22, 3);
INSERT INTO `project4`.`horses_races` (`h_name`, `r_id`, `h_coefficient`, `h_place`) VALUES ('Ума ', 1002, 3.13, 4);
INSERT INTO `project4`.`horses_races` (`h_name`, `r_id`, `h_coefficient`, `h_place`) VALUES ('Элси', 1002, 8.33, 5);
INSERT INTO `project4`.`horses_races` (`h_name`, `r_id`, `h_coefficient`, `h_place`) VALUES ('Opal', 1002, 10.00, 1);
INSERT INTO `project4`.`horses_races` (`h_name`, `r_id`, `h_coefficient`, `h_place`) VALUES ('Чипс', 1003, 6.25, 4);
INSERT INTO `project4`.`horses_races` (`h_name`, `r_id`, `h_coefficient`, `h_place`) VALUES ('Opal', 1003, 6.67, 2);
INSERT INTO `project4`.`horses_races` (`h_name`, `r_id`, `h_coefficient`, `h_place`) VALUES ('Delia', 1003, 5.26, 5);
INSERT INTO `project4`.`horses_races` (`h_name`, `r_id`, `h_coefficient`, `h_place`) VALUES ('Ринго', 1003, 2.94, 1);
INSERT INTO `project4`.`horses_races` (`h_name`, `r_id`, `h_coefficient`, `h_place`) VALUES ('Vito', 1003, 3.85, 3);
INSERT INTO `project4`.`horses_races` (`h_name`, `r_id`, `h_coefficient`, `h_place`) VALUES ('Kirby', 1004, 4.17, 5);
INSERT INTO `project4`.`horses_races` (`h_name`, `r_id`, `h_coefficient`, `h_place`) VALUES ('Ринго', 1004, 3.70, 4);
INSERT INTO `project4`.`horses_races` (`h_name`, `r_id`, `h_coefficient`, `h_place`) VALUES ('Циппи', 1004, 9.09, 2);
INSERT INTO `project4`.`horses_races` (`h_name`, `r_id`, `h_coefficient`, `h_place`) VALUES ('Флеш', 1004, 3.57, 3);
INSERT INTO `project4`.`horses_races` (`h_name`, `r_id`, `h_coefficient`, `h_place`) VALUES ('Фиона', 1004, 4.00, 1);
INSERT INTO `project4`.`horses_races` (`h_name`, `r_id`, `h_coefficient`, `h_place`) VALUES ('Sky Rocket', 1005, 5.26, 2);
INSERT INTO `project4`.`horses_races` (`h_name`, `r_id`, `h_coefficient`, `h_place`) VALUES ('Сатурн ', 1005, 5.26, 3);
INSERT INTO `project4`.`horses_races` (`h_name`, `r_id`, `h_coefficient`, `h_place`) VALUES ('Циркорий', 1005, 2.22, 1);
INSERT INTO `project4`.`horses_races` (`h_name`, `r_id`, `h_coefficient`, `h_place`) VALUES ('Чипс', 1005, 6.67, 4);
INSERT INTO `project4`.`horses_races` (`h_name`, `r_id`, `h_coefficient`, `h_place`) VALUES ('Pal', 1005, 4.55, 5);
INSERT INTO `project4`.`horses_races` (`h_name`, `r_id`, `h_coefficient`, `h_place`) VALUES ('Opal', 1006, 6.67, 1);
INSERT INTO `project4`.`horses_races` (`h_name`, `r_id`, `h_coefficient`, `h_place`) VALUES ('Элси', 1006, 2.94, 2);
INSERT INTO `project4`.`horses_races` (`h_name`, `r_id`, `h_coefficient`, `h_place`) VALUES ('Полис', 1006, 5.26, 3);
INSERT INTO `project4`.`horses_races` (`h_name`, `r_id`, `h_coefficient`, `h_place`) VALUES ('Vito', 1006, 4.00, 4);
INSERT INTO `project4`.`horses_races` (`h_name`, `r_id`, `h_coefficient`, `h_place`) VALUES ('Сатурн ', 1006, 5.88, 5);
INSERT INTO `project4`.`horses_races` (`h_name`, `r_id`, `h_coefficient`, `h_place`) VALUES ('Keeta', 1007, 4.17, 5);
INSERT INTO `project4`.`horses_races` (`h_name`, `r_id`, `h_coefficient`, `h_place`) VALUES ('Ринго', 1007, 2.78, 1);
INSERT INTO `project4`.`horses_races` (`h_name`, `r_id`, `h_coefficient`, `h_place`) VALUES ('Сатурн', 1007, 4.76, 2);
INSERT INTO `project4`.`horses_races` (`h_name`, `r_id`, `h_coefficient`, `h_place`) VALUES ('Kirby', 1007, 5.26, 3);
INSERT INTO `project4`.`horses_races` (`h_name`, `r_id`, `h_coefficient`, `h_place`) VALUES ('Vito', 1007, 6.67, 4);
INSERT INTO `project4`.`horses_races` (`h_name`, `r_id`, `h_coefficient`, `h_place`) VALUES ('Ринго', 1008, 4.17, 2);
INSERT INTO `project4`.`horses_races` (`h_name`, `r_id`, `h_coefficient`, `h_place`) VALUES ('Циркорий', 1008, 2.94, 1);
INSERT INTO `project4`.`horses_races` (`h_name`, `r_id`, `h_coefficient`, `h_place`) VALUES ('Чипс', 1008, 4.17, 4);
INSERT INTO `project4`.`horses_races` (`h_name`, `r_id`, `h_coefficient`, `h_place`) VALUES ('Delia', 1008, 8.33, 5);
INSERT INTO `project4`.`horses_races` (`h_name`, `r_id`, `h_coefficient`, `h_place`) VALUES ('Opal', 1008, 3.85, 3);
INSERT INTO `project4`.`horses_races` (`h_name`, `r_id`, `h_coefficient`, `h_place`) VALUES ('Ума ', 1009, 2.44, 1);
INSERT INTO `project4`.`horses_races` (`h_name`, `r_id`, `h_coefficient`, `h_place`) VALUES ('Полис', 1009, 4.76, 2);
INSERT INTO `project4`.`horses_races` (`h_name`, `r_id`, `h_coefficient`, `h_place`) VALUES ('Фиона', 1009, 6.25, 3);
INSERT INTO `project4`.`horses_races` (`h_name`, `r_id`, `h_coefficient`, `h_place`) VALUES ('Чипс', 1009, 5.88, 4);
INSERT INTO `project4`.`horses_races` (`h_name`, `r_id`, `h_coefficient`, `h_place`) VALUES ('Pal', 1009, 6.67, 5);

COMMIT;


-- -----------------------------------------------------
-- Data for table `project4`.`bets`
-- -----------------------------------------------------
START TRANSACTION;
USE `project4`;
INSERT INTO `project4`.`bets` (`b_id`, `b_amount`, `b_winnings_received`, `b_type`, `b_horse_name`, `b_race_id`) VALUES (NULL, 10, false, 'SHOW_BET', 'Элси', 1000);
INSERT INTO `project4`.`bets` (`b_id`, `b_amount`, `b_winnings_received`, `b_type`, `b_horse_name`, `b_race_id`) VALUES (NULL, 20, false, 'WIN_BET', 'Элси', 1000);
INSERT INTO `project4`.`bets` (`b_id`, `b_amount`, `b_winnings_received`, `b_type`, `b_horse_name`, `b_race_id`) VALUES (NULL, 24, false, 'PLACE_BET', 'Opal', 1000);
INSERT INTO `project4`.`bets` (`b_id`, `b_amount`, `b_winnings_received`, `b_type`, `b_horse_name`, `b_race_id`) VALUES (NULL, 58, false, 'WIN_BET', 'Циппи', 1001);
INSERT INTO `project4`.`bets` (`b_id`, `b_amount`, `b_winnings_received`, `b_type`, `b_horse_name`, `b_race_id`) VALUES (NULL, 34, false, 'SHOW_BET', 'Фиона', 1001);
INSERT INTO `project4`.`bets` (`b_id`, `b_amount`, `b_winnings_received`, `b_type`, `b_horse_name`, `b_race_id`) VALUES (NULL, 15, false, 'PLACE_BET', 'Adrian', 1001);
INSERT INTO `project4`.`bets` (`b_id`, `b_amount`, `b_winnings_received`, `b_type`, `b_horse_name`, `b_race_id`) VALUES (NULL, 19, false, 'SHOW_BET', 'Keeta', 1002);
INSERT INTO `project4`.`bets` (`b_id`, `b_amount`, `b_winnings_received`, `b_type`, `b_horse_name`, `b_race_id`) VALUES (NULL, 34, false, 'SHOW_BET', 'Ринго', 1002);
INSERT INTO `project4`.`bets` (`b_id`, `b_amount`, `b_winnings_received`, `b_type`, `b_horse_name`, `b_race_id`) VALUES (NULL, 18, false, 'WIN_BET', 'Opal', 1002);
INSERT INTO `project4`.`bets` (`b_id`, `b_amount`, `b_winnings_received`, `b_type`, `b_horse_name`, `b_race_id`) VALUES (NULL, 29, false, 'SHOW_BET', 'Чипс', 1003);
INSERT INTO `project4`.`bets` (`b_id`, `b_amount`, `b_winnings_received`, `b_type`, `b_horse_name`, `b_race_id`) VALUES (NULL, 34, false, 'WIN_BET', 'Чипс', 1003);
INSERT INTO `project4`.`bets` (`b_id`, `b_amount`, `b_winnings_received`, `b_type`, `b_horse_name`, `b_race_id`) VALUES (NULL, 10, false, 'PLACE_BET', 'Delia', 1003);
INSERT INTO `project4`.`bets` (`b_id`, `b_amount`, `b_winnings_received`, `b_type`, `b_horse_name`, `b_race_id`) VALUES (NULL, 49, false, 'SHOW_BET', 'Ринго', 1004);
INSERT INTO `project4`.`bets` (`b_id`, `b_amount`, `b_winnings_received`, `b_type`, `b_horse_name`, `b_race_id`) VALUES (NULL, 67, false, 'PLACE_BET', 'Kirby', 1004);
INSERT INTO `project4`.`bets` (`b_id`, `b_amount`, `b_winnings_received`, `b_type`, `b_horse_name`, `b_race_id`) VALUES (NULL, 23, false, 'SHOW_BET', 'Ринго', 1004);
INSERT INTO `project4`.`bets` (`b_id`, `b_amount`, `b_winnings_received`, `b_type`, `b_horse_name`, `b_race_id`) VALUES (NULL, 67, false, 'PLACE_BET', 'Pal', 1005);
INSERT INTO `project4`.`bets` (`b_id`, `b_amount`, `b_winnings_received`, `b_type`, `b_horse_name`, `b_race_id`) VALUES (NULL, 45, false, 'SHOW_BET', 'Чипс', 1005);
INSERT INTO `project4`.`bets` (`b_id`, `b_amount`, `b_winnings_received`, `b_type`, `b_horse_name`, `b_race_id`) VALUES (NULL, 21, false, 'WIN_BET', 'Циркорий', 1005);
INSERT INTO `project4`.`bets` (`b_id`, `b_amount`, `b_winnings_received`, `b_type`, `b_horse_name`, `b_race_id`) VALUES (NULL, 23, false, 'SHOW_BET', 'Элси', 1006);
INSERT INTO `project4`.`bets` (`b_id`, `b_amount`, `b_winnings_received`, `b_type`, `b_horse_name`, `b_race_id`) VALUES (NULL, 47, false, 'SHOW_BET', 'Элси', 1006);
INSERT INTO `project4`.`bets` (`b_id`, `b_amount`, `b_winnings_received`, `b_type`, `b_horse_name`, `b_race_id`) VALUES (NULL, 58, false, 'WIN_BET', 'Opal', 1006);
INSERT INTO `project4`.`bets` (`b_id`, `b_amount`, `b_winnings_received`, `b_type`, `b_horse_name`, `b_race_id`) VALUES (NULL, 96, false, 'SHOW_BET', 'Сатурн', 1007);
INSERT INTO `project4`.`bets` (`b_id`, `b_amount`, `b_winnings_received`, `b_type`, `b_horse_name`, `b_race_id`) VALUES (NULL, 34, false, 'SHOW_BET', 'Сатурн', 1007);
INSERT INTO `project4`.`bets` (`b_id`, `b_amount`, `b_winnings_received`, `b_type`, `b_horse_name`, `b_race_id`) VALUES (NULL, 74, false, 'WIN_BET', 'Ринго', 1007);
INSERT INTO `project4`.`bets` (`b_id`, `b_amount`, `b_winnings_received`, `b_type`, `b_horse_name`, `b_race_id`) VALUES (NULL, 23, false, 'SHOW_BET', 'Opal', 1008);
INSERT INTO `project4`.`bets` (`b_id`, `b_amount`, `b_winnings_received`, `b_type`, `b_horse_name`, `b_race_id`) VALUES (NULL, 22, false, 'PLACE_BET', 'Opal', 1008);
INSERT INTO `project4`.`bets` (`b_id`, `b_amount`, `b_winnings_received`, `b_type`, `b_horse_name`, `b_race_id`) VALUES (NULL, 52, false, 'WIN_BET', 'Чипс', 1008);
INSERT INTO `project4`.`bets` (`b_id`, `b_amount`, `b_winnings_received`, `b_type`, `b_horse_name`, `b_race_id`) VALUES (NULL, 31, false, 'PLACE_BET', 'Чипс', 1009);
INSERT INTO `project4`.`bets` (`b_id`, `b_amount`, `b_winnings_received`, `b_type`, `b_horse_name`, `b_race_id`) VALUES (NULL, 12, false, 'WIN_BET', 'Pal', 1009);
INSERT INTO `project4`.`bets` (`b_id`, `b_amount`, `b_winnings_received`, `b_type`, `b_horse_name`, `b_race_id`) VALUES (NULL, 10, false, 'PLACE_BET', 'Pal', 1009);

COMMIT;


-- -----------------------------------------------------
-- Data for table `project4`.`users`
-- -----------------------------------------------------
START TRANSACTION;
USE `project4`;
INSERT INTO `project4`.`users` (`u_login`, `u_pass_hash`, `u_role`) VALUES ('admin1', '123456', 'ADMINISTRATOR');
INSERT INTO `project4`.`users` (`u_login`, `u_pass_hash`, `u_role`) VALUES ('bookm1', '12346', 'BOOKMAKER');

COMMIT;

